A_BRAND_NAME,A_CT_REGISTRATION_NUMBER,B_BRAND_NAME,B_CT_REGISTRATION_NUMBER
"ABOMINATION BREWING COMPANY	TERP FOG TRAINWRECK EDITION",202223,"ABOMINATION BREWING COMPANY	TERP FOG TRAINWRECK EDITION",202223
"SKYGAZER BREWING COMPANY	WATERCOLORS COCOCREAMEE",202302,"SKYGAZER BREWING COMPANY	WATERCOLORS COCOCREAMEE",202302
10 SPAN-PINOT NOIR CENTRAL COAST,108548,10 SPAN-PINOT NOIR CENTRAL COAST,108548
1800 OKUDA SAN MIGUEL DESIGN 5,166552,1800 OKUDA SAN MIGUEL DESIGN 5,166552
A MODERN CLASSIC 2,204657,A MODERN CLASSIC 2,204657
ABOMINATION BREWING COMPANY FOGSICLE ROCKET POP,204738,ABOMINATION BREWING COMPANY FOGSICLE ROCKET POP,204738
ACHAVAL FERRER QUIMERA,65177,ACHAVAL FERRER QUIMERA,65177
AMADOR WHISKEY CO DOUBLE BARREL WHEAT BOURBON & CHARDONNAY,167735,AMADOR WHISKEY CO DOUBLE BARREL WHEAT BOURBON & CHARDONNAY,167735
AMALINDA - MONASTRELL ORGANIC,204686,AMALINDA - MONASTRELL ORGANIC,204686
AMRUT SINGLE MALT WHISKY,85964,AMRUT SINGLE MALT WHISKY,85964
ANDERSON CONN VALLEY PINOT GRIS NAPA VALLEY ESTD. 1983,203544,ANDERSON CONN VALLEY PINOT GRIS NAPA VALLEY ESTD. 1983,203544
ANGRY ORCHARD ROSE,140509,ANGRY ORCHARD ROSE,140509
ARISTA PINOT NOIR REULING VINEYARD 0446,204568,ARISTA PINOT NOIR REULING VINEYARD 0446,204568
BEAUTIFUL EARTH CABERNET SAUVIGNON,206194,BEAUTIFUL EARTH CABERNET SAUVIGNON,206194
BEAUX FRERES PINOT NOIR THE BELLES SOEURS RIBBON RIDGE,202580,BEAUX FRERES PINOT NOIR THE BELLES SOEURS RIBBON RIDGE,202580
BELLE GLOS PINOT NOIR BALADE ARROYO SECO,205371,BELLE GLOS PINOT NOIR BALADE ARROYO SECO,205371
BLUE RUN TRIFECTA BLEND BOURBON WHISKEY,205974,BLUE RUN TRIFECTA BLEND BOURBON WHISKEY,205974
BRIC DI BERSAN PIEMONTE DOLCETTO RED WINE ITALY,205963,BRIC DI BERSAN PIEMONTE DOLCETTO RED WINE ITALY,205963
CANTINA FURLANI VERMOUTH,204487,CANTINA FURLANI VERMOUTH,204487
CARLO GIACOSA BARBARESCO,206151,CARLO GIACOSA BARBARESCO,206151
CAVE DES HAUTES C?TES - BOURGOGNE ALIGOTE,202285,CAVE DES HAUTES C?TES - BOURGOGNE ALIGOTE,202285
CHANZY BEAUNE 1ER CRU CLOS DES MARCONNETS,205888,CHANZY BEAUNE 1ER CRU CLOS DES MARCONNETS,205888
CHATEAU D'OUPIA ROSE,204004,CHATEAU D'OUPIA ROSE,204004
CHRONIC CELLARS TANNAT PETITE SIRAH ZINFANDEL GIANT OAK PASO ROBLES,165382,CHRONIC CELLARS TANNAT PETITE SIRAH ZINFANDEL GIANT OAK PASO ROBLES,165382
CORNER 103 BLEND CA - SONOMA SPARKLING ROSE WINE 0531 12.80%,202096,CORNER 103 BLEND CA - SONOMA SPARKLING ROSE WINE 0531 12.80%,202096
CUTWATER GIN MELON POP,168123,CUTWATER GIN MELON POP,168123
DENNER VINEYARDS GRENACHE MOURV?DRE CIRRUS PASO ROBLES WILLOW CREEK DISTRICT,203439,DENNER VINEYARDS GRENACHE MOURV?DRE CIRRUS PASO ROBLES WILLOW CREEK DISTRICT,203439
DEVILS BACKBONE VODKA MULE,167872,DEVILS BACKBONE VODKA MULE,167872
DOM RENAISSANCE RULLY LA BARRE,166683,DOM RENAISSANCE RULLY LA BARRE,166683
DOMAINE BENJAMIN TAILLANDIER BUFENTIS MINERVOIS RED,203760,DOMAINE BENJAMIN TAILLANDIER BUFENTIS MINERVOIS RED,203760
DOMAINE CHIBAOU BLANC DE CHIBAOU BORDEAUX SAUVIGNON BLANC,205926,DOMAINE CHIBAOU BLANC DE CHIBAOU BORDEAUX SAUVIGNON BLANC,205926
DOMAINE DE DIONYSOS LA DEVEZE COTES DU RHONE RED,168935,DOMAINE DE DIONYSOS LA DEVEZE COTES DU RHONE RED,168935
DOMAINE SEAILLES COTES DE GASCOGNE CUBIX,203565,DOMAINE SEAILLES COTES DE GASCOGNE CUBIX,203565
DOSE DOUBLE INDIA PALE ALE,136418,DOSE DOUBLE INDIA PALE ALE,136418
DR FISCHER STEINBOCK SPATBURGINDER,204618,DR FISCHER STEINBOCK SPATBURGINDER,204618
DREGO AZUL STRAWBERRY LIME MARGARITA,170891,DREGO AZUL STRAWBERRY LIME MARGARITA,170891
DSP CA 162 CITRUS RETICULATA VAR SUNSHINE,107987,DSP CA 162 CITRUS RETICULATA VAR SUNSHINE,107987
EIGHT YEARS IN THE DESERT,168799,EIGHT YEARS IN THE DESERT,168799
EL PADRINO SPICY CUCUMBER TEQUILA,167875,EL PADRINO SPICY CUCUMBER TEQUILA,167875
ERDINGER BRAUHAUS HELLES,205632,ERDINGER BRAUHAUS HELLES,205632
ESPLENDIDO TEQUILA RESPOSADO,203191,ESPLENDIDO TEQUILA RESPOSADO,203191
EVENING LAND VINEYARDS ANDEN SEVEN SPRINGS PINOT NOIR EOLA AMITY HILLS ANDEN,134896,EVENING LAND VINEYARDS ANDEN SEVEN SPRINGS PINOT NOIR EOLA AMITY HILLS ANDEN,134896
FAMIGLIA CASTELLANI ANNATA CHIANTI 83380,135874,FAMIGLIA CASTELLANI ANNATA CHIANTI 83380,135874
FONTE DAS SETAS,205122,FONTE DAS SETAS,205122
FORTUNATE SON CABERNET SAUVIGNON NAPA VALLEY THE DREAMER 0803 15.50%,201874,FORTUNATE SON CABERNET SAUVIGNON NAPA VALLEY THE DREAMER 0803 15.50%,201874
GABRIELSKLOOF SAUVIGNON BLANC AMPHORA,205213,GABRIELSKLOOF SAUVIGNON BLANC AMPHORA,205213
GEKKEIKAN ZIPANG MANGO SPARKLING SAKE,135977,GEKKEIKAN ZIPANG MANGO SPARKLING SAKE,135977
GIACOMO BORGOGNO BAROLO FOSSATI,121355,GIACOMO BORGOGNO BAROLO FOSSATI,121355
GOOSE ISLAND BOURBON COUNTY BRAND KENTUCKY FOG STOUT,169585,GOOSE ISLAND BOURBON COUNTY BRAND KENTUCKY FOG STOUT,169585
GRAND CRU WHITE ZINFANDEL CALIFORNIA,165592,GRAND CRU WHITE ZINFANDEL CALIFORNIA,165592
HENRI BARDOUIN PASTIS LIQUEUR,6364,HENRI BARDOUIN PASTIS LIQUEUR,6364
HIRAM WALKER CHERRY BRANDY,66286,HIRAM WALKER CHERRY BRANDY,66286
HUAPAI GUIZHOU MOUTAIZHEN AGED 8 YEARS,204573,HUAPAI GUIZHOU MOUTAIZHEN AGED 8 YEARS,204573
IKKIKO KOJI WHISKEY 8 YEAR SHERRY CASK,203096,IKKIKO KOJI WHISKEY 8 YEAR SHERRY CASK,203096
ILLAHE ESTATE PINOT GRIS,204821,ILLAHE ESTATE PINOT GRIS,204821
INDEPENDENCE APPLE,205774,INDEPENDENCE APPLE,205774
JAM CELLARS CABERNET SAUVIGNON PLATINUM NAPA VALLEY,202432,JAM CELLARS CABERNET SAUVIGNON PLATINUM NAPA VALLEY,202432
JAMES MITCHELL CABERNET SAUVIGNON,85244,JAMES MITCHELL CABERNET SAUVIGNON,85244
JEAN BOULAINE AMARETTO,84017,JEAN BOULAINE AMARETTO,84017
JOHN WALKER & SONS 200TH ANNIVERSARY,166849,JOHN WALKER & SONS 200TH ANNIVERSARY,166849
JOSE CUERVO AUTHENTIC STRAWBERRY LIME MARGARITA 200ML CAN,108329,JOSE CUERVO AUTHENTIC STRAWBERRY LIME MARGARITA 200ML CAN,108329
JOSE PASTOR SELECTIONS - A TORNA DOS PASAS RED WINE,203339,JOSE PASTOR SELECTIONS - A TORNA DOS PASAS RED WINE,203339
KHVANCHKARA RED SEMI-SWEET,166747,KHVANCHKARA RED SEMI-SWEET,166747
KOSTA BROWNE PINOT NOIR SANTA LUCIA HIGHLANDS GARYS' VINEYARD 0483 14.10%,205192,KOSTA BROWNE PINOT NOIR SANTA LUCIA HIGHLANDS GARYS' VINEYARD 0483 14.10%,205192
KTOWN SOJU GRAPE + GINGER TRANSFUSION,202965,KTOWN SOJU GRAPE + GINGER TRANSFUSION,202965
LA VITE MONTEPULCIANO,134535,LA VITE MONTEPULCIANO,134535
LARGO BAY CANDIED APPLE RUM,178581,LARGO BAY CANDIED APPLE RUM,178581
LEGENT YAMAZAKI CASK FINISH,205966,LEGENT YAMAZAKI CASK FINISH,205966
LINDEMANS MOSCATO SOUTH EASTERN AUSTRALIA BIN 90,75716,LINDEMANS MOSCATO SOUTH EASTERN AUSTRALIA BIN 90,75716
LIQUID LIGHT PINOT GRIGIO 2022,205985,LIQUID LIGHT PINOT GRIGIO 2022,205985
LUCIA PINOT NOIR ESTATE CUVEE,205880,LUCIA PINOT NOIR ESTATE CUVEE,205880
LUZADOR NAVARRA TINTO LOS ANDRESES,202677,LUZADOR NAVARRA TINTO LOS ANDRESES,202677
MALVIRA BARBERA D'ALBA,203314,MALVIRA BARBERA D'ALBA,203314
MARC BONADIEU CHATEAUNEUF DU PAPE,205708,MARC BONADIEU CHATEAUNEUF DU PAPE,205708
MARIE BRIZARD WATERMELON,163043,MARIE BRIZARD WATERMELON,163043
MASTROBERARDINO NATURALIS HISTORIA TARUASI,166732,MASTROBERARDINO NATURALIS HISTORIA TARUASI,166732
MAZZONI TOSCANA ROSSO,67363,MAZZONI TOSCANA ROSSO,67363
MEZCAL TRASCENDENTE ESPADIN,205860,MEZCAL TRASCENDENTE ESPADIN,205860
MORGAN SAUVIGNON BLANC ARROYO SECO 0746 13.50%,204512,MORGAN SAUVIGNON BLANC ARROYO SECO 0746 13.50%,204512
NEW AMSTERDAM COCONUT FLAVORED VODKA,101279,NEW AMSTERDAM COCONUT FLAVORED VODKA,101279
NICKEL & NICKEL LATTICE RUN VINEYARD CABERNET SAUVIGNON 0330,203679,NICKEL & NICKEL LATTICE RUN VINEYARD CABERNET SAUVIGNON 0330,203679
OAK & EDEN 4 GRAIN & SPIRE,204988,OAK & EDEN 4 GRAIN & SPIRE,204988
OVERSHORES BLANC DE BLANCHE,108003,OVERSHORES BLANC DE BLANCHE,108003
PAOLO LEO MILLEFIORI PINOT GRIGIO,205377,PAOLO LEO MILLEFIORI PINOT GRIGIO,205377
PINON VOUVRAY TROIX ARGILES,205454,PINON VOUVRAY TROIX ARGILES,205454
PLANETA MAMERTINO NERO DAVOLA NOCERA,205491,PLANETA MAMERTINO NERO DAVOLA NOCERA,205491
PLAYA VIN DE FRANCE RED,205018,PLAYA VIN DE FRANCE RED,205018
POMAGRANA CONCA DE BARBERA,204824,POMAGRANA CONCA DE BARBERA,204824
PORTINHO DO COVO CASTELAO/SYRAH PORTUGAL,206247,PORTINHO DO COVO CASTELAO/SYRAH PORTUGAL,206247
RARE BREED BARREL PROOF RYE,166428,RARE BREED BARREL PROOF RYE,166428
REBEL VANILLA LATTE,167334,REBEL VANILLA LATTE,167334
REGIMENTAL AMERICAN WHISKEY,169309,REGIMENTAL AMERICAN WHISKEY,169309
RUSSELL'S RESERVE PRIVATE BARREL SELECTION,165433,RUSSELL'S RESERVE PRIVATE BARREL SELECTION,165433
S.R. TONELLA ESTATE CABERNET RUTHERFORD,166061,S.R. TONELLA ESTATE CABERNET RUTHERFORD,166061
SA PRUM WEHLEN SONNENUHR MOSEL RIESLING AUSLESE,204506,SA PRUM WEHLEN SONNENUHR MOSEL RIESLING AUSLESE,204506
SAN VITO VALPOLICELLA,203959,SAN VITO VALPOLICELLA,203959
SANFORD PINOT NOIR FOUNTAIN HILLS SANTA BARBARA COUNTY,109361,SANFORD PINOT NOIR FOUNTAIN HILLS SANTA BARBARA COUNTY,109361
SHAFER TD-9,134372,SHAFER TD-9,134372
SILVER LINING CHARDONNAY CALIFORNIA,165894,SILVER LINING CHARDONNAY CALIFORNIA,165894
SMIRNOFF ZERO SUGAR SELTZER BLACKBERRY,167438,SMIRNOFF ZERO SUGAR SELTZER BLACKBERRY,167438
SOKOL BLOSSER MT RICHMOND PINOT NOIR,202559,SOKOL BLOSSER MT RICHMOND PINOT NOIR,202559
SPACE DREAM,205793,SPACE DREAM,205793
STARLIGHT DISTILLERY RESERVE APPLE BRANDY 80PF,206020,STARLIGHT DISTILLERY RESERVE APPLE BRANDY 80PF,206020
TAILS POMEGRANATE MARGARITA,204087,TAILS POMEGRANATE MARGARITA,204087
TENUTA BELLAFONTE COLLENOTTOLO,203392,TENUTA BELLAFONTE COLLENOTTOLO,203392
TENUTA DELLE FAMIGLIA CECCHI VAL DELLE ROSE LITORALI MAREMMA TOSCANA VERMENTINO DOC,166129,TENUTA DELLE FAMIGLIA CECCHI VAL DELLE ROSE LITORALI MAREMMA TOSCANA VERMENTINO DOC,166129
TEQUILA OCHO EL BAJIO REPOSADO,162876,TEQUILA OCHO EL BAJIO REPOSADO,162876
TERRES DOREES BRUN BEAUJOLAIS LE ROSE D'FOLIE,203481,TERRES DOREES BRUN BEAUJOLAIS LE ROSE D'FOLIE,203481
THE CRECHE,108682,THE CRECHE,108682
TIME-LAPSE CABERNET SAUVIGNON,204452,TIME-LAPSE CABERNET SAUVIGNON,204452
TOMMASI MASSERIA SURANI PRIMITIVO PUGLIA,204013,TOMMASI MASSERIA SURANI PRIMITIVO PUGLIA,204013
TONEL 46 MALBEC RESERVA,136900,TONEL 46 MALBEC RESERVA,136900
TRADER VIC'S KONA COFFEE,68685,TRADER VIC'S KONA COFFEE,68685
TWO VILLAINS BREWING CRAWLING OUT OF THE FOG,206030,TWO VILLAINS BREWING CRAWLING OUT OF THE FOG,206030
TYLER PINOT NOIR MAE ESTATE VYD.,203844,TYLER PINOT NOIR MAE ESTATE VYD.,203844
UNTI VINEYARDS DRY CREEK SANGIOVESE,109775,UNTI VINEYARDS DRY CREEK SANGIOVESE,109775
VECCHIA CANTINA CHIANTI,96076,VECCHIA CANTINA CHIANTI,96076
VENGE BONE ASH CABERNET SAUVIGNON,84388,VENGE BONE ASH CABERNET SAUVIGNON,84388
VIDAL-FLEURY COTES DU RHONE WHITE,130579,VIDAL-FLEURY COTES DU RHONE WHITE,130579
VINCENT ET SOPHIE MOREY SANTENAY LES HATES,134188,VINCENT ET SOPHIE MOREY SANTENAY LES HATES,134188
WATERMELON LIME,204667,WATERMELON LIME,204667
WINTERFESTBIER,167384,WINTERFESTBIER,167384
WOODINVILLE STRAIGHT BOURBON TRAYPACK,206325,WOODINVILLE STRAIGHT BOURBON TRAYPACK,206325
ZIATA CABERNET SAUVIGNON MIA MADRE NAPA VALLEY,202468,ZIATA CABERNET SAUVIGNON MIA MADRE NAPA VALLEY,202468
