A_BRAND_NAME,A_CT_REGISTRATION_NUMBER,B_BRAND_NAME,B_CT_REGISTRATION_NUMBER
WOODINVILLE STRAIGHT BOURBON TRAYPACK,206325,WOODINVILLE STRAIGHT BOURBON TRAYPACK,206325
LEGENT YAMAZAKI CASK FINISH,205966,LEGENT YAMAZAKI CASK FINISH,205966
TWO VILLAINS BREWING CRAWLING OUT OF THE FOG,206030,TWO VILLAINS BREWING CRAWLING OUT OF THE FOG,206030
WINTERFESTBIER,167384,WINTERFESTBIER,167384
VIDAL-FLEURY COTES DU RHONE WHITE,130579,VIDAL-FLEURY COTES DU RHONE WHITE,130579
SILVER LINING CHARDONNAY CALIFORNIA,165894,SILVER LINING CHARDONNAY CALIFORNIA,165894
10 SPAN-PINOT NOIR CENTRAL COAST,108548,10 SPAN-PINOT NOIR CENTRAL COAST,108548
FORTUNATE SON CABERNET SAUVIGNON NAPA VALLEY THE DREAMER 0803 15.50%,201874,FORTUNATE SON CABERNET SAUVIGNON NAPA VALLEY THE DREAMER 0803 15.50%,201874
GIACOMO BORGOGNO BAROLO FOSSATI,121355,GIACOMO BORGOGNO BAROLO FOSSATI,121355
TAILS POMEGRANATE MARGARITA,204087,TAILS POMEGRANATE MARGARITA,204087
TEQUILA OCHO EL BAJIO REPOSADO,162876,TEQUILA OCHO EL BAJIO REPOSADO,162876
HUAPAI GUIZHOU MOUTAIZHEN AGED 8 YEARS,204573,HUAPAI GUIZHOU MOUTAIZHEN AGED 8 YEARS,204573
ABOMINATION BREWING COMPANY FOGSICLE ROCKET POP,204738,ABOMINATION BREWING COMPANY FOGSICLE ROCKET POP,204738
DSP CA 162 CITRUS RETICULATA VAR SUNSHINE,107987,DSP CA 162 CITRUS RETICULATA VAR SUNSHINE,107987
ANDERSON CONN VALLEY PINOT GRIS NAPA VALLEY ESTD. 1983,203544,ANDERSON CONN VALLEY PINOT GRIS NAPA VALLEY ESTD. 1983,203544
VENGE BONE ASH CABERNET SAUVIGNON,84388,VENGE BONE ASH CABERNET SAUVIGNON,84388
SOKOL BLOSSER MT RICHMOND PINOT NOIR,202559,SOKOL BLOSSER MT RICHMOND PINOT NOIR,202559
REGIMENTAL AMERICAN WHISKEY,169309,REGIMENTAL AMERICAN WHISKEY,169309
CANTINA FURLANI VERMOUTH,204487,CANTINA FURLANI VERMOUTH,204487
LUZADOR NAVARRA TINTO LOS ANDRESES,202677,LUZADOR NAVARRA TINTO LOS ANDRESES,202677
POMAGRANA CONCA DE BARBERA,204824,POMAGRANA CONCA DE BARBERA,204824
TONEL 46 MALBEC RESERVA,136900,TONEL 46 MALBEC RESERVA,136900
VINCENT ET SOPHIE MOREY SANTENAY LES HATES,134188,VINCENT ET SOPHIE MOREY SANTENAY LES HATES,134188
CARLO GIACOSA BARBARESCO,206151,CARLO GIACOSA BARBARESCO,206151
NICKEL & NICKEL LATTICE RUN VINEYARD CABERNET SAUVIGNON 0330,203679,NICKEL & NICKEL LATTICE RUN VINEYARD CABERNET SAUVIGNON 0330,203679
A MODERN CLASSIC 2,204657,A MODERN CLASSIC 2,204657
PAOLO LEO MILLEFIORI PINOT GRIGIO,205377,PAOLO LEO MILLEFIORI PINOT GRIGIO,205377
HIRAM WALKER CHERRY BRANDY,66286,HIRAM WALKER CHERRY BRANDY,66286
SPACE DREAM,205793,SPACE DREAM,205793
VECCHIA CANTINA CHIANTI,96076,VECCHIA CANTINA CHIANTI,96076
ACHAVAL FERRER QUIMERA,65177,ACHAVAL FERRER QUIMERA,65177
"SKYGAZER BREWING COMPANY	WATERCOLORS COCOCREAMEE",202302,"SKYGAZER BREWING COMPANY	WATERCOLORS COCOCREAMEE",202302
TENUTA BELLAFONTE COLLENOTTOLO,203392,TENUTA BELLAFONTE COLLENOTTOLO,203392
GABRIELSKLOOF SAUVIGNON BLANC AMPHORA,205213,GABRIELSKLOOF SAUVIGNON BLANC AMPHORA,205213
DENNER VINEYARDS GRENACHE MOURV?DRE CIRRUS PASO ROBLES WILLOW CREEK DISTRICT,203439,DENNER VINEYARDS GRENACHE MOURV?DRE CIRRUS PASO ROBLES WILLOW CREEK DISTRICT,203439
ZIATA CABERNET SAUVIGNON MIA MADRE NAPA VALLEY,202468,ZIATA CABERNET SAUVIGNON MIA MADRE NAPA VALLEY,202468
1800 OKUDA SAN MIGUEL DESIGN 5,166552,1800 OKUDA SAN MIGUEL DESIGN 5,166552
AMRUT SINGLE MALT WHISKY,85964,AMRUT SINGLE MALT WHISKY,85964
EL PADRINO SPICY CUCUMBER TEQUILA,167875,EL PADRINO SPICY CUCUMBER TEQUILA,167875
DOMAINE DE DIONYSOS LA DEVEZE COTES DU RHONE RED,168935,DOMAINE DE DIONYSOS LA DEVEZE COTES DU RHONE RED,168935
MEZCAL TRASCENDENTE ESPADIN,205860,MEZCAL TRASCENDENTE ESPADIN,205860
FAMIGLIA CASTELLANI ANNATA CHIANTI 83380,135874,FAMIGLIA CASTELLANI ANNATA CHIANTI 83380,135874
ERDINGER BRAUHAUS HELLES,205632,ERDINGER BRAUHAUS HELLES,205632
HENRI BARDOUIN PASTIS LIQUEUR,6364,HENRI BARDOUIN PASTIS LIQUEUR,6364
UNTI VINEYARDS DRY CREEK SANGIOVESE,109775,UNTI VINEYARDS DRY CREEK SANGIOVESE,109775
MARIE BRIZARD WATERMELON,163043,MARIE BRIZARD WATERMELON,163043
IKKIKO KOJI WHISKEY 8 YEAR SHERRY CASK,203096,IKKIKO KOJI WHISKEY 8 YEAR SHERRY CASK,203096
GRAND CRU WHITE ZINFANDEL CALIFORNIA,165592,GRAND CRU WHITE ZINFANDEL CALIFORNIA,165592
LIQUID LIGHT PINOT GRIGIO 2022,205985,LIQUID LIGHT PINOT GRIGIO 2022,205985
AMALINDA - MONASTRELL ORGANIC,204686,AMALINDA - MONASTRELL ORGANIC,204686
PLAYA VIN DE FRANCE RED,205018,PLAYA VIN DE FRANCE RED,205018
TENUTA DELLE FAMIGLIA CECCHI VAL DELLE ROSE LITORALI MAREMMA TOSCANA VERMENTINO DOC,166129,TENUTA DELLE FAMIGLIA CECCHI VAL DELLE ROSE LITORALI MAREMMA TOSCANA VERMENTINO DOC,166129
LUCIA PINOT NOIR ESTATE CUVEE,205880,LUCIA PINOT NOIR ESTATE CUVEE,205880
EIGHT YEARS IN THE DESERT,168799,EIGHT YEARS IN THE DESERT,168799
RUSSELL'S RESERVE PRIVATE BARREL SELECTION,165433,RUSSELL'S RESERVE PRIVATE BARREL SELECTION,165433
BLUE RUN TRIFECTA BLEND BOURBON WHISKEY,205974,BLUE RUN TRIFECTA BLEND BOURBON WHISKEY,205974
DEVILS BACKBONE VODKA MULE,167872,DEVILS BACKBONE VODKA MULE,167872
DOSE DOUBLE INDIA PALE ALE,136418,DOSE DOUBLE INDIA PALE ALE,136418
AMADOR WHISKEY CO DOUBLE BARREL WHEAT BOURBON & CHARDONNAY,167735,AMADOR WHISKEY CO DOUBLE BARREL WHEAT BOURBON & CHARDONNAY,167735
CHATEAU D'OUPIA ROSE,204004,CHATEAU D'OUPIA ROSE,204004
REBEL VANILLA LATTE,167334,REBEL VANILLA LATTE,167334
OVERSHORES BLANC DE BLANCHE,108003,OVERSHORES BLANC DE BLANCHE,108003
LINDEMANS MOSCATO SOUTH EASTERN AUSTRALIA BIN 90,75716,LINDEMANS MOSCATO SOUTH EASTERN AUSTRALIA BIN 90,75716
BEAUX FRERES PINOT NOIR THE BELLES SOEURS RIBBON RIDGE,202580,BEAUX FRERES PINOT NOIR THE BELLES SOEURS RIBBON RIDGE,202580
STARLIGHT DISTILLERY RESERVE APPLE BRANDY 80PF,206020,STARLIGHT DISTILLERY RESERVE APPLE BRANDY 80PF,206020
LA VITE MONTEPULCIANO,134535,LA VITE MONTEPULCIANO,134535
DR FISCHER STEINBOCK SPATBURGINDER,204618,DR FISCHER STEINBOCK SPATBURGINDER,204618
SHAFER TD-9,134372,SHAFER TD-9,134372
DOM RENAISSANCE RULLY LA BARRE,166683,DOM RENAISSANCE RULLY LA BARRE,166683
ILLAHE ESTATE PINOT GRIS,204821,ILLAHE ESTATE PINOT GRIS,204821
BRIC DI BERSAN PIEMONTE DOLCETTO RED WINE ITALY,205963,BRIC DI BERSAN PIEMONTE DOLCETTO RED WINE ITALY,205963
TYLER PINOT NOIR MAE ESTATE VYD.,203844,TYLER PINOT NOIR MAE ESTATE VYD.,203844
"ABOMINATION BREWING COMPANY	TERP FOG TRAINWRECK EDITION",202223,"ABOMINATION BREWING COMPANY	TERP FOG TRAINWRECK EDITION",202223
MARC BONADIEU CHATEAUNEUF DU PAPE,205708,MARC BONADIEU CHATEAUNEUF DU PAPE,205708
CHANZY BEAUNE 1ER CRU CLOS DES MARCONNETS,205888,CHANZY BEAUNE 1ER CRU CLOS DES MARCONNETS,205888
NEW AMSTERDAM COCONUT FLAVORED VODKA,101279,NEW AMSTERDAM COCONUT FLAVORED VODKA,101279
ESPLENDIDO TEQUILA RESPOSADO,203191,ESPLENDIDO TEQUILA RESPOSADO,203191
LARGO BAY CANDIED APPLE RUM,178581,LARGO BAY CANDIED APPLE RUM,178581
WATERMELON LIME,204667,WATERMELON LIME,204667
TERRES DOREES BRUN BEAUJOLAIS LE ROSE D'FOLIE,203481,TERRES DOREES BRUN BEAUJOLAIS LE ROSE D'FOLIE,203481
DOMAINE SEAILLES COTES DE GASCOGNE CUBIX,203565,DOMAINE SEAILLES COTES DE GASCOGNE CUBIX,203565
OAK & EDEN 4 GRAIN & SPIRE,204988,OAK & EDEN 4 GRAIN & SPIRE,204988
ANGRY ORCHARD ROSE,140509,ANGRY ORCHARD ROSE,140509
INDEPENDENCE APPLE,205774,INDEPENDENCE APPLE,205774
CHRONIC CELLARS TANNAT PETITE SIRAH ZINFANDEL GIANT OAK PASO ROBLES,165382,CHRONIC CELLARS TANNAT PETITE SIRAH ZINFANDEL GIANT OAK PASO ROBLES,165382
KOSTA BROWNE PINOT NOIR SANTA LUCIA HIGHLANDS GARYS' VINEYARD 0483 14.10%,205192,KOSTA BROWNE PINOT NOIR SANTA LUCIA HIGHLANDS GARYS' VINEYARD 0483 14.10%,205192
DREGO AZUL STRAWBERRY LIME MARGARITA,170891,DREGO AZUL STRAWBERRY LIME MARGARITA,170891
CUTWATER GIN MELON POP,168123,CUTWATER GIN MELON POP,168123
SMIRNOFF ZERO SUGAR SELTZER BLACKBERRY,167438,SMIRNOFF ZERO SUGAR SELTZER BLACKBERRY,167438
KHVANCHKARA RED SEMI-SWEET,166747,KHVANCHKARA RED SEMI-SWEET,166747
SA PRUM WEHLEN SONNENUHR MOSEL RIESLING AUSLESE,204506,SA PRUM WEHLEN SONNENUHR MOSEL RIESLING AUSLESE,204506
BEAUTIFUL EARTH CABERNET SAUVIGNON,206194,BEAUTIFUL EARTH CABERNET SAUVIGNON,206194
PINON VOUVRAY TROIX ARGILES,205454,PINON VOUVRAY TROIX ARGILES,205454
SAN VITO VALPOLICELLA,203959,SAN VITO VALPOLICELLA,203959
JAMES MITCHELL CABERNET SAUVIGNON,85244,JAMES MITCHELL CABERNET SAUVIGNON,85244
S.R. TONELLA ESTATE CABERNET RUTHERFORD,166061,S.R. TONELLA ESTATE CABERNET RUTHERFORD,166061
JOSE PASTOR SELECTIONS - A TORNA DOS PASAS RED WINE,203339,JOSE PASTOR SELECTIONS - A TORNA DOS PASAS RED WINE,203339
CORNER 103 BLEND CA - SONOMA SPARKLING ROSE WINE 0531 12.80%,202096,CORNER 103 BLEND CA - SONOMA SPARKLING ROSE WINE 0531 12.80%,202096
MALVIRA BARBERA D'ALBA,203314,MALVIRA BARBERA D'ALBA,203314
EVENING LAND VINEYARDS ANDEN SEVEN SPRINGS PINOT NOIR EOLA AMITY HILLS ANDEN,134896,EVENING LAND VINEYARDS ANDEN SEVEN SPRINGS PINOT NOIR EOLA AMITY HILLS ANDEN,134896
CAVE DES HAUTES C?TES - BOURGOGNE ALIGOTE,202285,CAVE DES HAUTES C?TES - BOURGOGNE ALIGOTE,202285
PLANETA MAMERTINO NERO DAVOLA NOCERA,205491,PLANETA MAMERTINO NERO DAVOLA NOCERA,205491
DOMAINE BENJAMIN TAILLANDIER BUFENTIS MINERVOIS RED,203760,DOMAINE BENJAMIN TAILLANDIER BUFENTIS MINERVOIS RED,203760
RARE BREED BARREL PROOF RYE,166428,RARE BREED BARREL PROOF RYE,166428
MORGAN SAUVIGNON BLANC ARROYO SECO 0746 13.50%,204512,MORGAN SAUVIGNON BLANC ARROYO SECO 0746 13.50%,204512
SANFORD PINOT NOIR FOUNTAIN HILLS SANTA BARBARA COUNTY,109361,SANFORD PINOT NOIR FOUNTAIN HILLS SANTA BARBARA COUNTY,109361
MAZZONI TOSCANA ROSSO,67363,MAZZONI TOSCANA ROSSO,67363
JAM CELLARS CABERNET SAUVIGNON PLATINUM NAPA VALLEY,202432,JAM CELLARS CABERNET SAUVIGNON PLATINUM NAPA VALLEY,202432
MASTROBERARDINO NATURALIS HISTORIA TARUASI,166732,MASTROBERARDINO NATURALIS HISTORIA TARUASI,166732
JOHN WALKER & SONS 200TH ANNIVERSARY,166849,JOHN WALKER & SONS 200TH ANNIVERSARY,166849
DOMAINE CHIBAOU BLANC DE CHIBAOU BORDEAUX SAUVIGNON BLANC,205926,DOMAINE CHIBAOU BLANC DE CHIBAOU BORDEAUX SAUVIGNON BLANC,205926
ARISTA PINOT NOIR REULING VINEYARD 0446,204568,ARISTA PINOT NOIR REULING VINEYARD 0446,204568
KTOWN SOJU GRAPE + GINGER TRANSFUSION,202965,KTOWN SOJU GRAPE + GINGER TRANSFUSION,202965
GOOSE ISLAND BOURBON COUNTY BRAND KENTUCKY FOG STOUT,169585,GOOSE ISLAND BOURBON COUNTY BRAND KENTUCKY FOG STOUT,169585
PORTINHO DO COVO CASTELAO/SYRAH PORTUGAL,206247,PORTINHO DO COVO CASTELAO/SYRAH PORTUGAL,206247
TIME-LAPSE CABERNET SAUVIGNON,204452,TIME-LAPSE CABERNET SAUVIGNON,204452
FONTE DAS SETAS,205122,FONTE DAS SETAS,205122
JOSE CUERVO AUTHENTIC STRAWBERRY LIME MARGARITA 200ML CAN,108329,JOSE CUERVO AUTHENTIC STRAWBERRY LIME MARGARITA 200ML CAN,108329
GEKKEIKAN ZIPANG MANGO SPARKLING SAKE,135977,GEKKEIKAN ZIPANG MANGO SPARKLING SAKE,135977
TOMMASI MASSERIA SURANI PRIMITIVO PUGLIA,204013,TOMMASI MASSERIA SURANI PRIMITIVO PUGLIA,204013
JEAN BOULAINE AMARETTO,84017,JEAN BOULAINE AMARETTO,84017
BELLE GLOS PINOT NOIR BALADE ARROYO SECO,205371,BELLE GLOS PINOT NOIR BALADE ARROYO SECO,205371
THE CRECHE,108682,THE CRECHE,108682
TRADER VIC'S KONA COFFEE,68685,TRADER VIC'S KONA COFFEE,68685
